date,npm_downloads,clones_total,clones_unique,views_total,views_unique
2026-03-19,78,,,,
2026-03-20,89,,,,
2026-03-21,9,,,,
2026-03-22,5,,,,
2026-03-23,5,,,,
2026-03-24,6,,,,
2026-03-25,13,,,,
2026-03-26,6,,,,
2026-03-27,1,,,,
2026-03-28,1,,,,
2026-03-29,0,,,,
2026-03-30,5,,,,
2026-03-31,2,,,,
2026-04-01,1,,,,
2026-04-02,1,,,,
2026-04-03,0,,,,
2026-04-04,1,,,,
2026-04-05,2,,,,
2026-04-06,2,,,,
2026-04-07,0,,,,
2026-04-08,2,,,,
2026-04-09,3,,,,
2026-04-10,0,,,,
2026-04-11,2,,,,
2026-04-12,0,,,,
2026-04-13,3,,,,
2026-04-14,0,,,,
2026-04-15,1,,,,
2026-04-16,1,,,,
2026-04-17,0,,,,
2026-04-18,0,,,,
2026-04-19,0,,,,
2026-04-20,0,,,,
2026-04-21,0,,,,
2026-04-22,0,,,,
2026-04-23,3,,,,
2026-04-24,0,,,,
2026-04-25,2,,,,
2026-04-26,0,,,,
2026-04-27,1,,,,
2026-04-28,0,,,,
2026-04-29,2,,,,
2026-04-30,0,,,,
2026-05-01,0,,,,
2026-05-02,0,,,,
2026-05-03,0,,,,
2026-05-04,1,,,,
2026-05-05,1,,,,
2026-05-06,0,,,,
2026-05-07,1,,,,
2026-05-08,2,,,,
2026-05-09,6,,,,
2026-05-10,0,,,,
2026-05-11,0,,,,
2026-05-12,4,,,,
2026-05-13,3,,,,
2026-05-14,0,,,,
2026-05-15,1,,,,
2026-05-16,0,,,,
2026-05-17,0,,,,
2026-05-18,2,,,,
2026-05-19,0,,,,
2026-05-20,2,,,,
2026-05-21,0,,,,
2026-05-22,4,,,,
2026-05-23,2,,,,
2026-05-24,0,,,,
2026-05-25,3,,,,
2026-05-26,3,,,,
2026-05-27,1,,,,
2026-05-28,0,,,,
2026-05-29,0,,,,
2026-05-30,0,,,,
2026-05-31,0,,,,
2026-06-01,1,,,,
2026-06-02,0,,,,
2026-06-03,0,,,,
2026-06-04,0,,,,
2026-06-05,2,,,,
2026-06-06,1,,,,
2026-06-07,3,,,,
2026-06-08,1,,,,
2026-06-09,1,,,,
2026-06-10,2,,,,
2026-06-11,4,,,,
2026-06-12,4,,,,
2026-06-13,1,,,,
2026-06-14,4,,,,
2026-06-15,4,,,,
2026-06-16,3,,,,
2026-06-17,4,,,,
2026-06-18,5,,,,
2026-06-19,6,,,,
2026-06-20,5,,,,
2026-06-21,0,,,,
2026-06-22,0,,,,
2026-06-23,1,,,,
2026-06-24,0,,,,
2026-06-25,0,,,,
2026-06-26,4,,,,
2026-06-27,0,,,,
2026-06-28,2,,,,
2026-06-29,0,,,,
2026-06-30,2,,,,
2026-07-01,2,,,,
2026-07-02,3,,,,
2026-07-03,2,,,,
2026-07-04,0,,,,
2026-07-05,0,,,,
2026-07-06,1,,,,
2026-07-07,1,,,,
2026-07-08,0,,,,
2026-07-09,0,,,,
2026-07-10,0,,,,
2026-07-11,1,,,,
2026-07-12,0,,,,
2026-07-13,0,,,,
2026-07-14,0,,,,
2026-07-15,2,,,,
2026-07-16,0,81,46,2,1
2026-07-17,0,19,12,4,1
2026-07-18,0,15,8,2,2
2026-07-19,0,14,6,0,0
2026-07-20,0,6,3,1,1
2026-07-21,0,36,13,1,1
2026-07-22,140,31,17,5,3
2026-07-23,2,17,10,0,0
2026-07-24,3,17,11,4,2
2026-07-25,6,17,10,0,0
2026-07-26,0,16,9,0,0
2026-07-27,5,12,6,3,2
2026-07-28,4,16,9,0,0
2026-07-29,0,15,8,0,0
2026-07-30,0,,,,
