tag,asset,download_count,published_at,captured_at
v1.1.0,NotchSoGood-1.1.0.zip,1,2026-03-13T15:23:27Z,2026-07-30T08:01:56+00:00
v1.2.0,NotchSoGood-1.2.0.zip,2,2026-03-14T20:29:46Z,2026-07-30T08:01:56+00:00
v1.2.1,NotchSoGood-1.2.1.zip,2,2026-03-16T10:56:16Z,2026-07-30T08:01:56+00:00
v1.2.2,NotchSoGood-1.2.2.zip,3,2026-03-16T13:15:25Z,2026-07-30T08:01:56+00:00
v1.3.0,NotchSoGood-1.3.0.zip,2,2026-03-19T17:31:41Z,2026-07-30T08:01:56+00:00
v1.4.0,NotchSoGood-1.4.0.zip,2,2026-03-25T20:40:28Z,2026-07-30T08:01:56+00:00
v2.0.0,NotchSoGood-2.0.0.zip,2,2026-03-25T21:27:53Z,2026-07-30T08:01:56+00:00
v3.0.0,NotchSoGood-3.0.0.zip,20,2026-03-26T19:33:06Z,2026-07-30T08:01:56+00:00
v3.1.0,NotchSoGood-3.1.0.zip,50,2026-04-03T20:25:59Z,2026-07-30T08:01:56+00:00
v4.0.0,NotchSoGood-4.0.0.zip,2,2026-07-15T17:51:05Z,2026-07-30T08:01:56+00:00
v4.1.0,NotchSoGood-4.1.0.zip,1,2026-07-16T06:07:39Z,2026-07-30T08:01:56+00:00
v4.1.1,NotchSoGood-4.1.1.zip,2,2026-07-16T12:28:31Z,2026-07-30T08:01:56+00:00
v4.2.0,NotchSoGood-4.2.0.zip,6,2026-07-16T18:33:13Z,2026-07-30T08:01:56+00:00
v4.3.0,NotchSoGood-4.3.0.zip,15,2026-07-22T06:18:08Z,2026-07-30T08:01:56+00:00
